{"cameraMode":{"drawMode":0,"name":"Shaded","section":"Shading Mode"},"sceneLighting":false,"audioPlay":false,"sceneViewState":{"m_AlwaysRefresh":false,"showFog":true,"showSkybox":false,"showFlares":true,"showImageEffects":true,"showParticleSystems":true,"showVisualEffectGraphs":true,"m_FxEnabled":true},"in2DMode":false,"pivot":{"x":0.1790374219417572,"y":0.08072364330291748,"z":0.3107547163963318},"rotation":{"x":0.020702622830867769,"y":-0.9581674933433533,"z":0.07200736552476883,"w":0.27608221769332888},"size":0.13476690649986268,"orthographic":false}