{"cameraMode":{"drawMode":0,"name":"Shaded","section":"Shading Mode"},"sceneLighting":false,"audioPlay":false,"sceneViewState":{"m_AlwaysRefresh":false,"showFog":true,"showSkybox":true,"showFlares":true,"showImageEffects":true,"showParticleSystems":true,"showVisualEffectGraphs":true,"m_FxEnabled":true},"in2DMode":false,"pivot":{"x":3.9761314392089845,"y":-1.624567985534668,"z":8.507271766662598},"rotation":{"x":-0.12962377071380616,"y":-0.17162877321243287,"z":0.022785339504480363,"w":-0.9763301014900208},"size":10.030016899108887,"orthographic":false}