{"cameraMode":{"drawMode":0,"name":"Shaded","section":"Shading Mode"},"sceneLighting":false,"audioPlay":false,"sceneViewState":{"m_AlwaysRefresh":false,"showFog":true,"showSkybox":false,"showFlares":true,"showImageEffects":true,"showParticleSystems":true,"showVisualEffectGraphs":true,"m_FxEnabled":true},"in2DMode":false,"pivot":{"x":0.5832023620605469,"y":0.03393413871526718,"z":0.1413756161928177},"rotation":{"x":0.03202187642455101,"y":-0.8032544851303101,"z":0.04344281181693077,"w":0.5931209921836853},"size":0.214334174990654,"orthographic":false}