{"cameraMode":{"drawMode":0,"name":"Shaded","section":"Shading Mode"},"sceneLighting":false,"audioPlay":false,"sceneViewState":{"m_AlwaysRefresh":false,"showFog":true,"showSkybox":true,"showFlares":true,"showImageEffects":true,"showParticleSystems":true,"showVisualEffectGraphs":true,"m_FxEnabled":true},"in2DMode":false,"pivot":{"x":-5.012699604034424,"y":-4.7494120597839359,"z":7.2643256187438969},"rotation":{"x":0.1380549818277359,"y":0.23123875260353089,"z":-0.033271536231040958,"w":0.9624173045158386},"size":6.7222466468811039,"orthographic":false}